"date","channel","spend","impressions","clicks","conversions","revenue","promo_flag","holiday_flag"
2024-01-01,"search",1373.19,48686,1139,3,4759.08,1,0
2024-01-01,"social",1986.87,116109,961,30,38931.39,1,0
2024-01-01,"display",798.4,34627,277,1,1434.22,0,0
2024-01-01,"video",2292.56,128113,823,24,44684.24,0,0
2024-01-01,"email",218.27,8566,134,0,0,0,0
2024-01-02,"search",1662.08,93805,1056,8,9213.24,0,0
2024-01-02,"social",1851.63,85814,3196,9,12657.73,0,0
2024-01-02,"display",676.76,33240,484,2,2941.79,0,0
2024-01-02,"video",453.89,14030,347,0,0,0,0
2024-01-02,"email",200.59,8481,81,0,0,0,0
2024-01-03,"search",1183.12,55476,896,1,1696.64,0,0
2024-01-03,"social",1350.54,46193,1447,1,1612.08,0,0
2024-01-03,"display",1053.06,47584,1113,1,1018.9,1,0
2024-01-03,"video",297.59,13973,400,2,2460.97,0,0
2024-01-03,"email",226.7,7173,24,1,1402.28,0,0
2024-01-04,"search",1554.36,79701,1268,5,4162.79,1,0
2024-01-04,"social",580.4,28011,340,0,0,1,0
2024-01-04,"display",792.14,27361,222,0,0,0,0
2024-01-04,"video",261.53,11941,101,0,0,0,0
2024-01-04,"email",317.7,17092,331,0,0,0,0
2024-01-05,"search",1334.02,56382,685,1,1443.42,1,0
2024-01-05,"social",657.3,25947,224,0,0,0,0
2024-01-05,"display",696.34,31225,518,1,1865.42,1,0
2024-01-05,"video",1032.11,51056,570,2,3242.86,1,0
2024-01-05,"email",351.54,17400,125,0,0,0,0
2024-01-06,"search",1096.45,49416,245,1,1379.93,0,1
2024-01-06,"social",370.42,18176,319,0,0,0,1
2024-01-06,"display",438.61,17932,338,1,1873.24,1,1
2024-01-06,"video",388.86,15551,421,0,0,0,1
2024-01-06,"email",406.88,12710,43,0,0,0,1
2024-01-07,"search",1088.58,61231,901,4,4149.99,0,1
2024-01-07,"social",891.12,40597,399,1,907.46,0,1
2024-01-07,"display",321.62,14332,265,0,0,0,1
2024-01-07,"video",565.01,19171,239,0,0,0,1
2024-01-07,"email",375.69,16297,127,0,0,0,1
2024-01-08,"search",1117.38,40803,93,1,1489.56,0,0
2024-01-08,"social",763.99,41887,1375,1,1983.12,0,0
2024-01-08,"display",582.95,31520,197,1,808.4,0,0
2024-01-08,"video",1477.06,81508,1231,7,12129.65,1,0
2024-01-08,"email",234.59,13802,331,0,0,0,0
2024-01-09,"search",1572.67,58586,561,1,1639.6,0,0
2024-01-09,"social",1146.02,61924,618,1,1236.37,0,0
2024-01-09,"display",372.86,12985,146,1,1686.6,0,0
2024-01-09,"video",955.23,37051,1271,1,1541.13,1,0
2024-01-09,"email",298.66,11112,86,0,0,0,0
2024-01-10,"search",2354.53,113070,1375,21,28817.15,1,0
2024-01-10,"social",1499.5,50376,1263,1,1945.19,1,0
2024-01-10,"display",599.41,29089,776,0,0,0,0
2024-01-10,"video",960.88,29906,442,1,1799.06,1,0
2024-01-10,"email",224.91,10969,203,0,0,0,0
2024-01-11,"search",1108.57,53941,446,1,1882.15,0,0
2024-01-11,"social",530.03,23602,67,0,0,0,0
2024-01-11,"display",407.54,17634,476,2,3639.19,0,0
2024-01-11,"video",429.56,14512,278,0,0,0,0
2024-01-11,"email",419.17,21877,272,0,0,0,0
2024-01-12,"search",1874.44,96296,805,9,11250.8,0,0
2024-01-12,"social",678.19,30505,340,1,1851.69,0,0
2024-01-12,"display",381.97,14627,201,0,0,0,0
2024-01-12,"video",675.81,33631,328,0,0,0,0
2024-01-12,"email",735.5,24688,176,1,1212.49,0,0
2024-01-13,"search",2715.15,106699,987,23,24641.4,0,1
2024-01-13,"social",522.73,25417,309,2,3327.69,1,1
2024-01-13,"display",520.18,18235,75,1,1286.59,0,1
2024-01-13,"video",1292.58,55929,1978,5,5291.9,0,1
2024-01-13,"email",295.45,15793,222,1,1390.2,0,1
2024-01-14,"search",2273.42,91170,2843,7,13469.73,0,1
2024-01-14,"social",700.07,37315,140,0,0,0,1
2024-01-14,"display",764.27,25672,560,1,1395.1,0,1
2024-01-14,"video",765.69,23924,265,0,0,0,1
2024-01-14,"email",1091.61,43159,575,0,0,0,1
2024-01-15,"search",1734.12,94154,748,3,5484.91,0,0
2024-01-15,"social",493.73,27036,421,0,0,0,0
2024-01-15,"display",471.24,14676,215,0,0,0,0
2024-01-15,"video",811.74,44304,95,1,1161.58,0,0
2024-01-15,"email",140.24,6234,101,0,0,0,0
2024-01-16,"search",583.07,21453,126,0,0,0,0
2024-01-16,"social",510.75,20631,107,1,1314.75,0,0
2024-01-16,"display",522.05,17899,141,1,848.87,0,0
2024-01-16,"video",1148.99,49948,197,2,2650.68,0,0
2024-01-16,"email",268.84,8724,128,0,0,0,0
2024-01-17,"search",1280.53,71589,1135,5,9779.37,0,0
2024-01-17,"social",779.59,36035,775,5,4122.01,0,0
2024-01-17,"display",452.52,14997,60,0,0,0,0
2024-01-17,"video",1207.08,68210,247,1,1150.32,0,0
2024-01-17,"email",193.48,8099,46,0,0,0,0
2024-01-18,"search",1095.21,36948,896,0,0,0,0
2024-01-18,"social",696.09,41654,275,1,1379.94,0,0
2024-01-18,"display",742.32,42896,931,0,0,0,0
2024-01-18,"video",1331.38,42724,465,1,1129.51,0,0
2024-01-18,"email",368.45,20719,378,0,0,0,0
2024-01-19,"search",2086.05,79195,437,2,2607.42,0,0
2024-01-19,"social",1085.56,52901,320,3,5374.1,0,0
2024-01-19,"display",467.36,20802,263,1,934.76,0,0
2024-01-19,"video",940.17,42975,500,0,0,1,0
2024-01-19,"email",676.26,32039,85,0,0,1,0
2024-01-20,"search",642.63,35873,738,0,0,0,1
2024-01-20,"social",910.98,35444,335,0,0,0,1
2024-01-20,"display",563.53,21814,306,1,1658.48,0,1
2024-01-20,"video",994.45,41621,322,0,0,0,1
2024-01-20,"email",404.98,15894,176,1,1018.8,0,1
2024-01-21,"search",1353.57,75564,952,5,9607,0,1
2024-01-21,"social",1453.51,62234,427,1,1488.52,0,1
2024-01-21,"display",325.95,13966,64,0,0,0,1
2024-01-21,"video",1007.64,42525,213,0,0,0,1
2024-01-21,"email",207.33,9948,86,0,0,1,1
2024-01-22,"search",1973.43,93113,886,16,28895.78,1,0
2024-01-22,"social",829.21,40900,196,0,0,0,0
2024-01-22,"display",883.45,48626,888,0,0,0,0
2024-01-22,"video",722.42,35933,375,0,0,0,0
2024-01-22,"email",160.18,7417,97,0,0,0,0
2024-01-23,"search",537.51,27233,219,1,1461.15,0,0
2024-01-23,"social",993.27,31211,782,1,1981.62,0,0
2024-01-23,"display",582.65,26600,64,0,0,0,0
2024-01-23,"video",557.06,30127,477,3,4447.29,0,0
2024-01-23,"email",264.9,9848,163,0,0,0,0
2024-01-24,"search",917.37,54241,630,2,3301.27,0,0
2024-01-24,"social",751.2,33280,666,0,0,0,0
2024-01-24,"display",413.4,12481,260,0,0,0,0
2024-01-24,"video",316.68,11093,70,0,0,0,0
2024-01-24,"email",274.77,15867,193,0,0,0,0
2024-01-25,"search",1822.91,84066,1034,4,4512.76,0,0
2024-01-25,"social",1695.18,86032,1403,5,4328.53,0,0
2024-01-25,"display",600.63,24577,411,1,1650.24,0,0
2024-01-25,"video",677.77,35697,654,1,1573.83,0,0
2024-01-25,"email",440.97,19221,361,0,0,0,0
2024-01-26,"search",1225.99,47276,978,0,0,0,0
2024-01-26,"social",873.94,29780,883,3,5139.64,1,0
2024-01-26,"display",389.31,21346,412,2,3328.33,1,0
2024-01-26,"video",422.25,17590,329,1,1046.07,0,0
2024-01-26,"email",352.94,18990,289,0,0,0,0
2024-01-27,"search",870.08,29702,75,0,0,1,1
2024-01-27,"social",1216.82,54981,217,1,1907.89,0,1
2024-01-27,"display",350.15,14102,33,0,0,0,1
2024-01-27,"video",842.2,46850,1078,0,0,1,1
2024-01-27,"email",389.64,19882,23,0,0,1,1
2024-01-28,"search",1193.86,62991,1252,3,5450.66,0,1
2024-01-28,"social",850.13,40679,581,1,1386.63,0,1
2024-01-28,"display",762.3,33698,377,0,0,0,1
2024-01-28,"video",665.54,36249,292,1,1055.29,0,1
2024-01-28,"email",271.61,15648,71,0,0,0,1
2024-01-29,"search",1279.48,64763,589,4,6866.56,0,0
2024-01-29,"social",672.6,34562,425,1,1539.95,0,0
2024-01-29,"display",1109.76,51424,1084,1,1640.38,0,0
2024-01-29,"video",293.82,12511,245,1,1994.77,0,0
2024-01-29,"email",452.41,24986,278,1,1751.1,0,0
2024-01-30,"search",1086.46,34726,275,0,0,0,0
2024-01-30,"social",947.23,53518,912,1,1481.25,0,0
2024-01-30,"display",1157.89,59906,332,0,0,1,0
2024-01-30,"video",977.8,31706,569,1,1041.33,0,0
2024-01-30,"email",230.34,7604,110,0,0,0,0
2024-01-31,"search",2243.3,122070,2059,26,22944.05,0,0
2024-01-31,"social",417.97,14074,138,1,1903.16,0,0
2024-01-31,"display",847.67,45309,140,0,0,0,0
2024-01-31,"video",570.46,20571,41,0,0,0,0
2024-01-31,"email",139.33,7636,38,0,0,0,0
2024-02-01,"search",568.93,17437,335,0,0,0,0
2024-02-01,"social",882.43,31284,382,1,1418.51,0,0
2024-02-01,"display",1460.22,65120,501,8,15490.89,0,0
2024-02-01,"video",780.89,46666,334,0,0,0,0
2024-02-01,"email",471.58,16747,327,0,0,0,0
2024-02-02,"search",2181.81,65765,213,7,9477.85,1,0
2024-02-02,"social",615.7,20653,518,0,0,0,0
2024-02-02,"display",878.76,39616,785,2,3504.69,0,0
2024-02-02,"video",806.14,32091,210,0,0,0,0
2024-02-02,"email",325.85,15123,169,0,0,0,0
2024-02-03,"search",1790.99,91974,1669,9,14157.24,0,1
2024-02-03,"social",1078.79,46620,537,0,0,0,1
2024-02-03,"display",466.99,21534,396,1,1921.51,0,1
2024-02-03,"video",819.89,43603,502,0,0,0,1
2024-02-03,"email",209.96,10862,61,1,1008.21,0,1
2024-02-04,"search",1544.42,71786,1963,5,8177.4,0,1
2024-02-04,"social",672.85,25170,611,0,0,0,1
2024-02-04,"display",718.95,26276,676,0,0,0,1
2024-02-04,"video",811.01,39940,530,2,1620.53,0,1
2024-02-04,"email",269.25,15515,205,1,1148.66,0,1
2024-02-05,"search",1445.6,84026,799,11,16187.04,0,0
2024-02-05,"social",1006.62,41807,291,1,1870.05,0,0
2024-02-05,"display",547.11,18808,185,0,0,0,0
2024-02-05,"video",1118.76,58040,1279,3,3883.53,0,0
2024-02-05,"email",523.67,23357,424,0,0,0,0
2024-02-06,"search",1197.08,44982,218,1,1906.8,1,0
2024-02-06,"social",762.06,41787,223,0,0,1,0
2024-02-06,"display",736.82,25301,259,0,0,0,0
2024-02-06,"video",485.78,23238,226,0,0,0,0
2024-02-06,"email",250.64,9567,95,0,0,0,0
2024-02-07,"search",1654.49,96321,856,10,17937.51,0,0
2024-02-07,"social",826.82,28409,260,0,0,1,0
2024-02-07,"display",277.46,15906,92,0,0,0,0
2024-02-07,"video",913.09,46650,443,2,3405,0,0
2024-02-07,"email",158.03,6052,65,0,0,0,0
2024-02-08,"search",698.01,22203,391,0,0,0,0
2024-02-08,"social",239.23,12244,264,1,882.91,0,0
2024-02-08,"display",836.67,29214,183,0,0,0,0
2024-02-08,"video",773.96,27324,399,1,911.02,0,0
2024-02-08,"email",360.94,16360,154,1,1933.71,0,0
2024-02-09,"search",1682.43,67560,1706,2,3120.39,0,0
2024-02-09,"social",786.68,24618,172,1,1776.08,0,0
2024-02-09,"display",385.56,21319,745,1,1985.03,0,0
2024-02-09,"video",877.07,34385,686,0,0,0,0
2024-02-09,"email",505.29,22456,145,0,0,0,0
2024-02-10,"search",856.07,35447,31,2,3718.79,1,1
2024-02-10,"social",627.55,31215,471,0,0,0,1
2024-02-10,"display",693.95,39781,467,0,0,1,1
2024-02-10,"video",417.89,22543,201,0,0,0,1
2024-02-10,"email",396,16613,252,0,0,0,1
2024-02-11,"search",944.26,32273,37,1,1292.37,0,1
2024-02-11,"social",1719.41,67077,937,7,9062.62,1,1
2024-02-11,"display",612.98,23535,651,0,0,0,1
2024-02-11,"video",936.66,35226,578,2,2024.94,0,1
2024-02-11,"email",560.16,29950,679,0,0,0,1
2024-02-12,"search",1334.52,66965,408,0,0,0,0
2024-02-12,"social",1230.66,53696,1201,0,0,0,0
2024-02-12,"display",652.76,26920,315,0,0,0,0
2024-02-12,"video",382.38,14606,404,0,0,0,0
2024-02-12,"email",302.7,11744,93,0,0,0,0
2024-02-13,"search",1599.32,70597,485,4,4700.27,0,0
2024-02-13,"social",973.01,40571,58,0,0,0,0
2024-02-13,"display",559.69,17208,295,0,0,0,0
2024-02-13,"video",430.09,23955,327,0,0,0,0
2024-02-13,"email",505.07,17271,348,0,0,1,0
2024-02-14,"search",831.72,48445,1268,3,2565.61,0,0
2024-02-14,"social",484.87,22693,653,1,1004.37,0,0
2024-02-14,"display",761.2,28775,398,0,0,0,0
2024-02-14,"video",555.75,17337,38,0,0,1,0
2024-02-14,"email",330.8,14967,172,0,0,0,0
2024-02-15,"search",1201.33,53933,165,3,4245.62,0,0
2024-02-15,"social",470.28,19369,100,0,0,0,0
2024-02-15,"display",961.8,45309,358,1,914.6,0,0
2024-02-15,"video",552.23,32610,269,1,1986.95,0,0
2024-02-15,"email",484.82,15734,214,1,1870.48,0,0
2024-02-16,"search",992.34,51284,319,2,1925.9,0,0
2024-02-16,"social",635.61,34026,268,1,1507.65,0,0
2024-02-16,"display",592.55,18443,168,1,1468.54,0,0
2024-02-16,"video",606.59,21860,336,0,0,0,0
2024-02-16,"email",338.16,13514,278,0,0,1,0
2024-02-17,"search",844.72,39709,400,0,0,0,1
2024-02-17,"social",492.48,14936,146,0,0,0,1
2024-02-17,"display",996.86,32457,682,1,1247.86,1,1
2024-02-17,"video",507.04,22253,143,1,926.02,0,1
2024-02-17,"email",172.98,7524,90,0,0,0,1
2024-02-18,"search",979.4,51691,619,3,3559.4,0,1
2024-02-18,"social",580.7,32544,220,1,1642.14,0,1
2024-02-18,"display",249.59,8877,69,0,0,0,1
2024-02-18,"video",623.1,32884,341,1,1668.89,0,1
2024-02-18,"email",320.75,10583,70,0,0,0,1
2024-02-19,"search",1350.13,49459,609,5,7193.11,0,0
2024-02-19,"social",936.09,53228,266,2,3319.52,0,0
2024-02-19,"display",402.06,21757,391,0,0,0,0
2024-02-19,"video",614.49,21520,200,1,1338.36,0,0
2024-02-19,"email",260.55,15514,396,0,0,1,0
2024-02-20,"search",930.67,50759,991,2,2105.68,0,0
2024-02-20,"social",493.08,21350,211,0,0,0,0
2024-02-20,"display",383.89,18251,191,0,0,0,0
2024-02-20,"video",900.57,50968,1087,1,1130.46,0,0
2024-02-20,"email",269.02,14615,343,0,0,0,0
2024-02-21,"search",1081.97,56569,1106,0,0,0,0
2024-02-21,"social",1597.88,88297,1533,1,897.17,0,0
2024-02-21,"display",586.15,24734,54,0,0,0,0
2024-02-21,"video",564.68,31727,495,0,0,0,0
2024-02-21,"email",404.52,23133,100,0,0,0,0
2024-02-22,"search",987.5,56044,835,0,0,0,0
2024-02-22,"social",1385.44,41908,317,0,0,0,0
2024-02-22,"display",515.87,25012,341,0,0,0,0
2024-02-22,"video",711.22,31039,146,1,809.28,1,0
2024-02-22,"email",188.02,8846,120,0,0,0,0
2024-02-23,"search",1368.59,77985,86,4,6092.17,0,0
2024-02-23,"social",1869.79,65612,204,9,11495.27,1,0
2024-02-23,"display",520.36,27582,116,0,0,0,0
2024-02-23,"video",1010.33,33737,429,0,0,1,0
2024-02-23,"email",445.63,23612,737,0,0,1,0
2024-02-24,"search",2119.54,80996,1904,5,8234.61,0,1
2024-02-24,"social",1043.32,60853,308,2,2964.95,0,1
2024-02-24,"display",390.52,16941,87,0,0,0,1
2024-02-24,"video",529.7,24501,719,0,0,0,1
2024-02-24,"email",289.37,10085,89,0,0,1,1
2024-02-25,"search",1269.92,64501,1934,5,7392.02,0,1
2024-02-25,"social",798.74,43067,1726,0,0,0,1
2024-02-25,"display",695.13,36986,741,0,0,0,1
2024-02-25,"video",538.15,19588,286,1,1973.44,0,1
2024-02-25,"email",258.07,9318,149,0,0,0,1
2024-02-26,"search",1614.24,79094,955,3,5150.28,0,0
2024-02-26,"social",768.75,40613,177,2,2162.77,0,0
2024-02-26,"display",461.84,25050,422,0,0,0,0
2024-02-26,"video",1341.99,73632,3111,4,5937.3,1,0
2024-02-26,"email",301.62,10122,218,1,1489.88,0,0
2024-02-27,"search",831.69,31970,259,1,1014.28,0,0
2024-02-27,"social",1585.23,87829,742,6,8621.5,0,0
2024-02-27,"display",376.04,12505,110,0,0,0,0
2024-02-27,"video",343.32,10480,229,0,0,0,0
2024-02-27,"email",121.82,5165,58,0,0,0,0
2024-02-28,"search",2024.12,96603,1064,18,29875.83,1,0
2024-02-28,"social",646.44,29406,483,1,1161.38,0,0
2024-02-28,"display",537.38,31190,399,0,0,0,0
2024-02-28,"video",785.98,29722,241,1,1628.26,0,0
2024-02-28,"email",248.93,12775,337,1,1540.7,0,0
2024-02-29,"search",630.71,22103,172,0,0,0,0
2024-02-29,"social",366.76,20024,262,0,0,0,0
2024-02-29,"display",523.56,27489,293,0,0,0,0
2024-02-29,"video",750.67,29051,667,0,0,0,0
2024-02-29,"email",120.62,4269,61,0,0,0,0
2024-03-01,"search",1347.88,65397,474,1,1663.28,0,0
2024-03-01,"social",947.22,45816,205,0,0,0,0
2024-03-01,"display",1007.09,56368,130,3,3259.75,0,0
2024-03-01,"video",747.67,36779,279,0,0,0,0
2024-03-01,"email",423.32,13867,64,1,1904.36,1,0
2024-03-02,"search",1986.8,111303,2827,23,44682.08,1,1
2024-03-02,"social",793.9,43865,595,0,0,0,1
2024-03-02,"display",581.17,26074,251,0,0,0,1
2024-03-02,"video",733.24,23743,327,1,1736.09,0,1
2024-03-02,"email",404.01,12383,72,1,1122,0,1
2024-03-03,"search",1009.85,39656,654,0,0,0,1
2024-03-03,"social",851.64,44243,689,1,1023.28,1,1
2024-03-03,"display",424.48,25413,343,1,1539.93,0,1
2024-03-03,"video",477.22,20832,274,0,0,0,1
2024-03-03,"email",341.89,17387,89,1,1576.43,0,1
2024-03-04,"search",2896.88,169003,4995,187,293802.95,1,0
2024-03-04,"social",542.98,23845,89,1,1630,0,0
2024-03-04,"display",556.44,28491,650,0,0,0,0
2024-03-04,"video",602.71,33200,165,1,1318.94,1,0
2024-03-04,"email",560.81,17645,318,0,0,1,0
2024-03-05,"search",1056.93,44508,139,0,0,0,0
2024-03-05,"social",859.38,39720,401,1,1020.38,0,0
2024-03-05,"display",689.62,35853,962,1,1256.87,0,0
2024-03-05,"video",459.15,15784,420,0,0,0,0
2024-03-05,"email",287.69,11783,175,0,0,0,0
2024-03-06,"search",1423.83,43569,470,0,0,1,0
2024-03-06,"social",1048.12,31735,513,0,0,0,0
2024-03-06,"display",366.37,19740,52,1,1650.04,0,0
2024-03-06,"video",433.16,21853,220,0,0,0,0
2024-03-06,"email",407.54,12545,36,0,0,0,0
2024-03-07,"search",1233,48254,1052,2,3448.36,1,0
2024-03-07,"social",614.31,35907,387,0,0,0,0
2024-03-07,"display",627.75,24164,323,0,0,0,0
2024-03-07,"video",615.8,25101,1800,0,0,0,0
2024-03-07,"email",632.91,28510,391,0,0,0,0
2024-03-08,"search",1331.27,50534,427,0,0,0,0
2024-03-08,"social",853.41,48908,310,2,2577.61,0,0
2024-03-08,"display",870.75,30840,61,1,1155.7,0,0
2024-03-08,"video",683.41,33135,273,0,0,0,0
2024-03-08,"email",305.91,9617,54,1,1998.43,0,0
2024-03-09,"search",781.27,42190,213,1,1940.05,0,1
2024-03-09,"social",319.71,15937,168,0,0,0,1
2024-03-09,"display",370.2,19273,297,0,0,0,1
2024-03-09,"video",732.69,22937,215,0,0,0,1
2024-03-09,"email",198.44,9171,162,0,0,0,1
2024-03-10,"search",1580.66,77085,993,6,9964.89,0,1
2024-03-10,"social",1389.93,72927,403,3,5975.37,1,1
2024-03-10,"display",654.51,22571,154,0,0,0,1
2024-03-10,"video",645.75,27993,587,3,5649.71,0,1
2024-03-10,"email",225.85,11514,104,0,0,1,1
2024-03-11,"search",1060.51,35181,110,1,1625.06,0,0
2024-03-11,"social",667.44,35479,651,1,1808.82,0,0
2024-03-11,"display",782.29,38393,344,2,3154.87,0,0
2024-03-11,"video",1181.49,56439,1104,2,3690.69,0,0
2024-03-11,"email",366.57,11122,62,0,0,0,0
2024-03-12,"search",764.15,23383,94,0,0,0,0
2024-03-12,"social",1560.89,54413,886,2,3294.67,0,0
2024-03-12,"display",1168.45,37448,432,0,0,1,0
2024-03-12,"video",765.47,33901,437,4,6785.28,0,0
2024-03-12,"email",124.11,7384,103,0,0,0,0
2024-03-13,"search",819.13,35292,813,0,0,0,0
2024-03-13,"social",778.35,45488,233,2,3536.22,0,0
2024-03-13,"display",813.59,32636,579,0,0,0,0
2024-03-13,"video",567.64,25413,226,1,1613.66,1,0
2024-03-13,"email",1083.84,59781,719,1,1032.67,0,0
2024-03-14,"search",432.05,23668,479,0,0,0,0
2024-03-14,"social",727.95,24948,548,1,1855.3,0,0
2024-03-14,"display",703.08,23528,54,1,1626.43,1,0
2024-03-14,"video",536.86,16178,25,0,0,0,0
2024-03-14,"email",264.06,13794,193,0,0,0,0
2024-03-15,"search",1614.91,86354,2319,12,10086.48,0,0
2024-03-15,"social",563.91,20523,292,0,0,0,0
2024-03-15,"display",260.81,11877,388,0,0,0,0
2024-03-15,"video",726.75,25982,506,1,1596.67,0,0
2024-03-15,"email",299.78,13102,233,0,0,0,0
2024-03-16,"search",1551.85,71071,430,7,13180.62,1,1
2024-03-16,"social",1045.03,42255,314,1,1673.93,0,1
2024-03-16,"display",596.85,31183,606,0,0,0,1
2024-03-16,"video",954.8,29956,544,1,948.67,0,1
2024-03-16,"email",134.22,5173,120,0,0,0,1
2024-03-17,"search",764.18,26831,147,0,0,0,1
2024-03-17,"social",919.78,35183,186,0,0,0,1
2024-03-17,"display",521.01,26479,912,0,0,0,1
2024-03-17,"video",1021.46,56622,435,1,1885.09,0,1
2024-03-17,"email",200.72,9078,512,0,0,0,1
2024-03-18,"search",1603.01,93946,833,13,13434.29,0,0
2024-03-18,"social",612.21,19798,653,0,0,0,0
2024-03-18,"display",499.73,22827,1024,0,0,1,0
2024-03-18,"video",610.3,31586,363,1,904.44,0,0
2024-03-18,"email",306.03,10102,78,0,0,0,0
2024-03-19,"search",954.67,51099,2045,3,4523.84,1,0
2024-03-19,"social",589.34,25636,361,1,1164.36,0,0
2024-03-19,"display",364.47,15816,144,0,0,0,0
2024-03-19,"video",1051.31,54567,287,2,2947.88,0,0
2024-03-19,"email",400.71,17953,457,1,1056.99,0,0
2024-03-20,"search",793.99,26374,220,1,1048.7,0,0
2024-03-20,"social",1299.73,74888,1249,7,12161.03,1,0
2024-03-20,"display",704.2,26201,148,0,0,1,0
2024-03-20,"video",448.42,22244,327,0,0,0,0
2024-03-20,"email",355.05,20070,130,0,0,0,0
2024-03-21,"search",1054.58,59755,1075,3,4638.46,0,0
2024-03-21,"social",1137.61,67422,884,3,3309.94,0,0
2024-03-21,"display",555.01,24676,1153,1,1817.32,0,0
2024-03-21,"video",1125.86,37024,675,0,0,0,0
2024-03-21,"email",318.06,18420,184,0,0,1,0
2024-03-22,"search",1310.15,51738,135,1,1836.17,0,0
2024-03-22,"social",1206.04,53180,503,4,5748.91,1,0
2024-03-22,"display",670.87,31317,245,0,0,0,0
2024-03-22,"video",758.89,41450,796,1,1128.51,0,0
2024-03-22,"email",298.44,14646,129,1,946.78,0,0
2024-03-23,"search",1157.17,47391,795,2,2133.48,0,1
2024-03-23,"social",1381.08,61325,935,1,1258.4,0,1
2024-03-23,"display",862.8,29527,539,0,0,0,1
2024-03-23,"video",548.47,20375,224,0,0,0,1
2024-03-23,"email",524.45,28977,1093,0,0,0,1
2024-03-24,"search",1271.56,69142,348,2,3816.95,0,1
2024-03-24,"social",619.16,36948,1161,2,1675.1,0,1
2024-03-24,"display",642.17,33318,217,0,0,0,1
2024-03-24,"video",657.34,27061,427,1,1595.12,0,1
2024-03-24,"email",312.36,14153,282,0,0,0,1
2024-03-25,"search",812.99,47049,670,0,0,0,0
2024-03-25,"social",576.33,27292,367,2,3479.44,0,0
2024-03-25,"display",1345.42,56764,753,2,2963.1,1,0
2024-03-25,"video",1028.27,37384,400,1,1107.96,0,0
2024-03-25,"email",210.67,11516,187,0,0,0,0
2024-03-26,"search",837.18,37464,657,0,0,0,0
2024-03-26,"social",1593.91,55529,487,0,0,0,0
2024-03-26,"display",1287.61,66050,586,8,10730.79,0,0
2024-03-26,"video",512.97,24755,231,0,0,0,0
2024-03-26,"email",178.19,5936,101,0,0,0,0
2024-03-27,"search",3427.12,125693,1198,62,95990.66,0,0
2024-03-27,"social",876.96,40688,1021,0,0,0,0
2024-03-27,"display",646.54,21106,335,2,1717.1,0,0
2024-03-27,"video",721.65,24444,442,0,0,0,0
2024-03-27,"email",684.09,35787,113,1,1148.3,1,0
2024-03-28,"search",1111.41,62785,1028,0,0,0,0
2024-03-28,"social",1434.21,83740,1023,5,6364.56,0,0
2024-03-28,"display",549.31,20716,264,0,0,0,0
2024-03-28,"video",856.74,31233,919,0,0,0,0
2024-03-28,"email",198.42,7193,72,0,0,0,0
2024-03-29,"search",1284.68,45801,386,1,1953.47,0,0
2024-03-29,"social",1681.17,60436,676,1,1905.89,1,0
2024-03-29,"display",562.04,19251,454,1,1554.5,0,0
2024-03-29,"video",1519.95,77310,1004,6,5554.23,1,0
2024-03-29,"email",893.07,35457,328,1,1823.22,0,0
2024-03-30,"search",1749.08,72447,915,7,7532.72,0,1
2024-03-30,"social",724.27,37963,1625,1,1390.06,0,1
2024-03-30,"display",623.61,23969,143,0,0,0,1
2024-03-30,"video",588.46,31103,323,0,0,0,1
2024-03-30,"email",717.12,23085,236,1,1618.55,0,1
2024-03-31,"search",367.44,18421,558,0,0,0,1
2024-03-31,"social",826.31,47575,667,2,1989.2,0,1
2024-03-31,"display",627.02,33412,372,0,0,0,1
2024-03-31,"video",762.39,39808,378,1,1489.71,0,1
2024-03-31,"email",160.88,6369,44,0,0,0,1
2024-04-01,"search",1308.4,64156,1476,2,1644.46,0,0
2024-04-01,"social",862.36,37032,534,1,1648.49,0,0
2024-04-01,"display",992.65,39683,226,1,1273.33,0,0
2024-04-01,"video",1121.98,58985,571,0,0,1,0
2024-04-01,"email",468.7,14354,441,0,0,0,0
2024-04-02,"search",818.17,34096,232,2,3374.23,0,0
2024-04-02,"social",761.16,29749,290,1,1023.55,0,0
2024-04-02,"display",647.83,22702,606,1,1288.08,0,0
2024-04-02,"video",780.53,37824,688,1,989.6,0,0
2024-04-02,"email",227.3,7393,80,0,0,0,0
2024-04-03,"search",2168.4,79127,401,6,10063.4,0,0
2024-04-03,"social",626.35,37515,78,2,1896.91,0,0
2024-04-03,"display",314.57,10625,190,0,0,0,0
2024-04-03,"video",822.28,25768,359,1,1242.9,0,0
2024-04-03,"email",508.76,28982,177,1,1706.49,1,0
2024-04-04,"search",1750.62,79392,1282,2,2412.23,0,0
2024-04-04,"social",547.91,17275,262,1,1306.54,0,0
2024-04-04,"display",706.26,41813,550,1,1138.66,1,0
2024-04-04,"video",534.89,18583,133,0,0,1,0
2024-04-04,"email",420.6,22698,529,0,0,0,0
2024-04-05,"search",1379.06,47806,2012,3,3368.73,0,0
2024-04-05,"social",1152.99,49341,417,3,4616.51,0,0
2024-04-05,"display",994.86,35576,513,1,1283.72,1,0
2024-04-05,"video",548.98,28049,246,0,0,0,0
2024-04-05,"email",322.35,17414,238,0,0,0,0
2024-04-06,"search",559.32,32936,486,1,1202.78,0,1
2024-04-06,"social",978.27,30757,367,0,0,0,1
2024-04-06,"display",884.03,41776,442,2,3042.4,0,1
2024-04-06,"video",493.14,21019,181,0,0,0,1
2024-04-06,"email",165.96,6396,95,0,0,1,1
2024-04-07,"search",652.59,26335,276,0,0,0,1
2024-04-07,"social",666.29,38513,360,1,1454.52,1,1
2024-04-07,"display",985.67,56401,1028,0,0,0,1
2024-04-07,"video",700.98,41411,801,0,0,0,1
2024-04-07,"email",182.85,9869,157,1,1128.16,0,1
2024-04-08,"search",1948.32,67943,343,5,9718.71,1,0
2024-04-08,"social",334.07,12761,223,0,0,0,0
2024-04-08,"display",543.55,28762,560,0,0,0,0
2024-04-08,"video",1092.5,59755,664,2,3136.72,0,0
2024-04-08,"email",261.68,12180,264,1,1125.53,0,0
2024-04-09,"search",2022.83,69476,1227,2,3040.94,0,0
2024-04-09,"social",1640.48,86546,3513,6,11231.25,0,0
2024-04-09,"display",376.08,12261,116,0,0,0,0
2024-04-09,"video",441.49,22527,221,1,1205.9,0,0
2024-04-09,"email",208.1,11418,129,0,0,0,0
2024-04-10,"search",1482.62,66354,1405,2,3890.56,0,0
2024-04-10,"social",1117.27,51873,941,3,3470.48,0,0
2024-04-10,"display",973.19,48739,518,0,0,0,0
2024-04-10,"video",1177.17,36554,131,0,0,0,0
2024-04-10,"email",461.31,15404,41,0,0,0,0
2024-04-11,"search",2271.88,115035,1618,23,45954.91,1,0
2024-04-11,"social",854.03,27673,571,0,0,0,0
2024-04-11,"display",420.6,16602,378,0,0,0,0
2024-04-11,"video",680.6,36027,852,1,1869.79,1,0
2024-04-11,"email",353.12,14301,210,0,0,0,0
2024-04-12,"search",2353.11,108310,2680,17,17881.81,0,0
2024-04-12,"social",1582.88,89904,1616,4,6985.63,0,0
2024-04-12,"display",277.68,12059,112,0,0,0,0
2024-04-12,"video",501.44,19978,556,1,1055.25,0,0
2024-04-12,"email",529.24,16621,243,1,1532.93,0,0
2024-04-13,"search",784.02,32678,398,1,1517.95,0,1
2024-04-13,"social",419.55,16167,106,0,0,0,1
2024-04-13,"display",762.69,29064,289,1,1221.61,0,1
2024-04-13,"video",1400.05,66203,787,2,2491.52,0,1
2024-04-13,"email",650.4,31795,431,1,1901.02,0,1
2024-04-14,"search",1485.05,58513,726,1,1139.04,0,1
2024-04-14,"social",1386.92,70263,1521,5,7699.03,1,1
2024-04-14,"display",750.67,34510,1031,1,1694.31,0,1
2024-04-14,"video",694.95,36693,759,1,1808.21,0,1
2024-04-14,"email",77.87,3854,16,0,0,0,1
2024-04-15,"search",1626.78,73053,86,4,4855.86,0,0
2024-04-15,"social",684.11,29663,269,0,0,0,0
2024-04-15,"display",1168.24,46283,581,0,0,1,0
2024-04-15,"video",544.73,27218,357,0,0,0,0
2024-04-15,"email",156.01,4716,19,0,0,0,0
2024-04-16,"search",2567.12,108125,890,17,17403.13,1,0
2024-04-16,"social",860.2,47657,126,2,3660.47,0,0
2024-04-16,"display",2428.55,100186,2174,18,28356.9,0,0
2024-04-16,"video",1009.61,55784,752,5,9069.91,0,0
2024-04-16,"email",456.32,19161,46,0,0,0,0
2024-04-17,"search",1628.81,84756,870,12,11707.9,0,0
2024-04-17,"social",628.45,32778,861,1,1140.72,0,0
2024-04-17,"display",517.37,20588,403,0,0,0,0
2024-04-17,"video",1069.57,57571,311,1,1911.91,0,0
2024-04-17,"email",457.52,24857,300,0,0,0,0
2024-04-18,"search",1515.14,90465,1375,10,8230.48,0,0
2024-04-18,"social",700.89,39265,353,0,0,1,0
2024-04-18,"display",1177.06,41058,84,2,3980.06,0,0
2024-04-18,"video",405.19,19341,123,1,1484.42,0,0
2024-04-18,"email",252.27,9382,265,0,0,0,0
2024-04-19,"search",3041.48,135241,509,54,61340.2,0,0
2024-04-19,"social",986.6,51508,926,0,0,0,0
2024-04-19,"display",884.68,27271,128,0,0,0,0
2024-04-19,"video",813.93,47597,281,2,1923.28,0,0
2024-04-19,"email",201.42,11697,254,0,0,0,0
2024-04-20,"search",1228.38,69650,328,3,2915.39,1,1
2024-04-20,"social",854.67,41034,828,1,1728.5,0,1
2024-04-20,"display",185.96,7364,47,0,0,0,1
2024-04-20,"video",498.66,24738,244,0,0,0,1
2024-04-20,"email",412.9,15469,99,0,0,0,1
2024-04-21,"search",1064.96,58863,1432,2,1931.14,0,1
2024-04-21,"social",928.46,54457,643,1,1090.73,1,1
2024-04-21,"display",849.58,37073,757,0,0,0,1
2024-04-21,"video",731.94,42567,963,1,1841.93,1,1
2024-04-21,"email",385.79,13685,194,1,1656.34,0,1
2024-04-22,"search",679.35,32302,435,2,3014.56,0,0
2024-04-22,"social",489.61,20556,423,1,1154.3,0,0
2024-04-22,"display",307.14,18018,218,0,0,0,0
2024-04-22,"video",724.03,25055,477,0,0,0,0
2024-04-22,"email",276.26,12405,348,0,0,0,0
2024-04-23,"search",2136.29,111703,2686,16,16362.99,0,0
2024-04-23,"social",786.74,28481,1226,1,1729.91,0,0
2024-04-23,"display",1031.15,43482,107,1,946.78,0,0
2024-04-23,"video",1524.12,67663,1001,4,3715.54,0,0
2024-04-23,"email",246.51,10724,86,0,0,0,0
2024-04-24,"search",1401.72,64417,467,1,1760,0,0
2024-04-24,"social",570.58,23502,486,0,0,0,0
2024-04-24,"display",1047.84,33303,364,4,7565.1,1,0
2024-04-24,"video",454.49,25436,304,1,1517.86,0,0
2024-04-24,"email",198.98,8548,206,0,0,0,0
2024-04-25,"search",1346.94,44711,1101,2,1606.15,0,0
2024-04-25,"social",829.59,33294,544,0,0,0,0
2024-04-25,"display",666.46,28608,467,0,0,0,0
2024-04-25,"video",719.69,36453,215,1,1745.42,0,0
2024-04-25,"email",242.82,7746,120,2,3452.96,0,0
2024-04-26,"search",1139.1,44344,674,1,1927.19,0,0
2024-04-26,"social",1988.31,88823,113,7,7808.14,1,0
2024-04-26,"display",595.72,30117,314,0,0,0,0
2024-04-26,"video",413.1,18541,340,0,0,0,0
2024-04-26,"email",214,10940,189,0,0,0,0
2024-04-27,"search",772.28,38063,430,0,0,0,1
2024-04-27,"social",725.56,30256,573,1,1957.78,1,1
2024-04-27,"display",471,21297,560,0,0,1,1
2024-04-27,"video",244.87,10892,32,0,0,0,1
2024-04-27,"email",392.06,20511,289,1,1722.96,0,1
2024-04-28,"search",1562.58,93351,774,14,17226.63,0,1
2024-04-28,"social",723.7,32465,439,0,0,0,1
2024-04-28,"display",449.17,26131,309,0,0,0,1
2024-04-28,"video",657.58,30384,66,0,0,1,1
2024-04-28,"email",351.88,20479,93,1,967.37,0,1
2024-04-29,"search",1313.83,75503,1281,4,4697.41,0,0
2024-04-29,"social",946.97,43272,223,0,0,0,0
2024-04-29,"display",601.16,32462,103,0,0,0,0
2024-04-29,"video",896.66,32294,223,1,1668.2,0,0
2024-04-29,"email",356.46,20634,105,1,881.73,0,0
2024-04-30,"search",1500.27,77236,1063,2,2524.31,0,0
2024-04-30,"social",975.54,51621,510,2,3662.6,0,0
2024-04-30,"display",1166.41,53410,756,0,0,0,0
2024-04-30,"video",459.01,18009,459,1,972.1,0,0
2024-04-30,"email",548.46,32905,828,0,0,0,0
2024-05-01,"search",1049.84,48283,1029,0,0,0,0
2024-05-01,"social",779.47,24008,443,1,1127.3,0,0
2024-05-01,"display",619.78,19449,149,1,1400.9,0,0
2024-05-01,"video",585.11,24919,262,0,0,0,0
2024-05-01,"email",108.01,5128,94,0,0,0,0
2024-05-02,"search",1058.81,61339,157,2,2206.08,0,0
2024-05-02,"social",813.35,35359,368,0,0,0,0
2024-05-02,"display",299.42,9144,19,0,0,0,0
2024-05-02,"video",872.23,48290,719,1,1862.64,0,0
2024-05-02,"email",236.25,9905,180,0,0,0,0
2024-05-03,"search",2783.7,142333,4875,84,141239.51,1,0
2024-05-03,"social",889.41,43514,936,0,0,0,0
2024-05-03,"display",437.65,24532,492,2,2412.38,0,0
2024-05-03,"video",748.58,31734,555,2,3614.73,0,0
2024-05-03,"email",332.56,19852,287,0,0,0,0
2024-05-04,"search",1728.3,60960,470,2,3248.49,0,1
2024-05-04,"social",751.34,27043,705,1,1394.9,0,1
2024-05-04,"display",266.02,11583,118,0,0,0,1
2024-05-04,"video",416.22,18213,164,0,0,0,1
2024-05-04,"email",212.91,12197,44,0,0,0,1
2024-05-05,"search",1423.09,63056,2047,4,4654.73,0,1
2024-05-05,"social",713.85,23317,342,1,968.18,0,1
2024-05-05,"display",469.27,18020,247,0,0,0,1
2024-05-05,"video",499.26,28779,403,0,0,0,1
2024-05-05,"email",319.02,18756,155,0,0,0,1
2024-05-06,"search",853.64,46600,474,1,1321.84,0,0
2024-05-06,"social",682.28,24021,605,0,0,0,0
2024-05-06,"display",411.97,13695,197,0,0,0,0
2024-05-06,"video",401.73,17120,242,0,0,0,0
2024-05-06,"email",439.6,14068,240,0,0,0,0
2024-05-07,"search",708.45,34753,530,1,1680.18,0,0
2024-05-07,"social",823.71,37407,424,0,0,0,0
2024-05-07,"display",478.02,22513,476,0,0,0,0
2024-05-07,"video",595.89,28829,431,1,832.65,1,0
2024-05-07,"email",332.79,14598,285,0,0,0,0
2024-05-08,"search",1393.16,78667,701,5,4141,0,0
2024-05-08,"social",1326.74,55912,869,3,5645.13,0,0
2024-05-08,"display",683.36,30444,684,0,0,0,0
2024-05-08,"video",662.28,29967,419,0,0,0,0
2024-05-08,"email",849.6,42384,521,0,0,0,0
2024-05-09,"search",925.16,35768,344,0,0,0,0
2024-05-09,"social",535.57,30549,651,0,0,0,0
2024-05-09,"display",484.39,19075,323,0,0,0,0
2024-05-09,"video",870.68,49084,664,1,1907.31,1,0
2024-05-09,"email",495.87,27015,404,0,0,1,0
2024-05-10,"search",1417.17,76341,438,2,2734.55,0,0
2024-05-10,"social",996.93,57767,1693,5,7716.2,1,0
2024-05-10,"display",553.73,27028,307,0,0,1,0
2024-05-10,"video",1098.84,38460,590,4,5530,0,0
2024-05-10,"email",432.81,21403,577,1,892.31,0,0
2024-05-11,"search",898.14,39642,471,1,906.35,0,1
2024-05-11,"social",1052.92,59556,643,1,809.6,0,1
2024-05-11,"display",718.36,38019,606,1,1248.48,0,1
2024-05-11,"video",1063.34,59488,873,1,1930.61,0,1
2024-05-11,"email",318.5,15511,217,0,0,0,1
2024-05-12,"search",760.25,33652,849,2,2729.65,0,1
2024-05-12,"social",1433.65,83176,2019,6,11845.58,1,1
2024-05-12,"display",448.29,22087,727,1,1770.29,0,1
2024-05-12,"video",864.34,33223,187,1,950.86,0,1
2024-05-12,"email",585.91,34359,165,0,0,0,1
2024-05-13,"search",680.31,27177,466,1,856.44,0,0
2024-05-13,"social",1494.24,86490,396,6,11253.94,0,0
2024-05-13,"display",1030.91,52281,590,1,965.46,0,0
2024-05-13,"video",566.57,19788,399,0,0,0,0
2024-05-13,"email",271.31,11040,129,1,1232.65,0,0
2024-05-14,"search",912.09,52707,677,0,0,0,0
2024-05-14,"social",636.81,37777,563,2,2238.06,0,0
2024-05-14,"display",756.56,33269,268,0,0,0,0
2024-05-14,"video",488.58,19143,213,0,0,0,0
2024-05-14,"email",278.01,8822,83,0,0,0,0
2024-05-15,"search",1132.88,55712,1003,2,1659.52,0,0
2024-05-15,"social",769.69,43916,388,3,5361.89,0,0
2024-05-15,"display",645.17,35383,333,2,3904.17,0,0
2024-05-15,"video",1325.72,60996,670,0,0,0,0
2024-05-15,"email",250.45,8634,50,0,0,0,0
2024-05-16,"search",873.17,48022,298,1,1035.36,0,0
2024-05-16,"social",1427.8,79977,697,5,5351.96,1,0
2024-05-16,"display",698.63,41368,215,0,0,0,0
2024-05-16,"video",1000,32389,461,0,0,1,0
2024-05-16,"email",380,21203,43,0,0,0,0
2024-05-17,"search",682.19,24171,726,0,0,0,0
2024-05-17,"social",1224.06,50009,880,1,988.85,0,0
2024-05-17,"display",719.46,42828,100,0,0,0,0
2024-05-17,"video",1024.14,44438,217,0,0,0,0
2024-05-17,"email",236.13,13160,224,0,0,0,0
2024-05-18,"search",574.39,20020,303,0,0,0,1
2024-05-18,"social",659.03,23493,617,0,0,0,1
2024-05-18,"display",542.7,19629,208,0,0,1,1
2024-05-18,"video",1703.07,52260,2036,4,7519.88,0,1
2024-05-18,"email",254.27,12874,298,0,0,0,1
2024-05-19,"search",1100.82,33181,1197,0,0,0,1
2024-05-19,"social",1223.91,50757,117,1,1763.07,0,1
2024-05-19,"display",999.68,59216,1176,2,3048.31,1,1
2024-05-19,"video",1191.15,62350,352,2,3536.35,1,1
2024-05-19,"email",860.29,49247,620,0,0,0,1
2024-05-20,"search",1282.44,69152,159,2,1989.77,0,0
2024-05-20,"social",1714.17,62447,542,2,2764.38,0,0
2024-05-20,"display",664.09,32710,247,1,844.33,0,0
2024-05-20,"video",390.52,12737,228,0,0,0,0
2024-05-20,"email",123.09,4967,95,1,1980.92,0,0
2024-05-21,"search",1556.12,92310,939,11,12730.45,0,0
2024-05-21,"social",536.42,17172,278,0,0,0,0
2024-05-21,"display",610.16,33176,281,0,0,0,0
2024-05-21,"video",1424.96,66074,1391,3,5833.41,0,0
2024-05-21,"email",344.69,12878,305,0,0,0,0
2024-05-22,"search",1390.76,47968,882,1,863.14,1,0
2024-05-22,"social",481.62,20784,123,0,0,1,0
2024-05-22,"display",435.58,22748,427,0,0,0,0
2024-05-22,"video",556.04,32341,175,0,0,0,0
2024-05-22,"email",394.44,21065,174,1,1337.85,0,0
2024-05-23,"search",1456.02,80230,801,6,5563.65,0,0
2024-05-23,"social",804.48,39194,522,1,1480.03,0,0
2024-05-23,"display",644.86,21857,1443,0,0,0,0
2024-05-23,"video",623.8,21514,157,0,0,0,0
2024-05-23,"email",303.65,14767,317,0,0,0,0
2024-05-24,"search",1337.75,49166,801,0,0,0,0
2024-05-24,"social",957.45,53166,1155,3,5235.65,0,0
2024-05-24,"display",1246.36,49039,373,3,5248.59,0,0
2024-05-24,"video",448.66,24046,232,0,0,0,0
2024-05-24,"email",541.15,25302,185,1,1372.46,0,0
2024-05-25,"search",1569.77,85200,145,10,16624.57,0,1
2024-05-25,"social",431.16,25750,558,0,0,0,1
2024-05-25,"display",537.06,20648,194,3,2941.71,0,1
2024-05-25,"video",544.21,19242,243,1,1185.58,0,1
2024-05-25,"email",206.56,10665,255,0,0,0,1
2024-05-26,"search",648.67,19762,256,1,1992.47,0,1
2024-05-26,"social",853.49,50568,639,2,2866.62,1,1
2024-05-26,"display",655.34,28548,250,2,2194.64,1,1
2024-05-26,"video",799.53,25149,410,1,1546.78,1,1
2024-05-26,"email",131.54,4738,85,0,0,0,1
2024-05-27,"search",1431.79,47471,876,1,1417.76,0,0
2024-05-27,"social",1078.31,32832,224,0,0,0,0
2024-05-27,"display",822.86,47699,506,0,0,0,0
2024-05-27,"video",952.77,34042,231,0,0,0,0
2024-05-27,"email",422.57,24979,81,1,1472.22,1,0
2024-05-28,"search",2806.75,114040,1383,34,41769.03,1,0
2024-05-28,"social",563.42,32661,318,1,1714.69,0,0
2024-05-28,"display",367.34,12510,246,1,1593.11,0,0
2024-05-28,"video",1041.67,57944,1431,3,4490.41,1,0
2024-05-28,"email",465.2,24603,312,1,1865.41,1,0
2024-05-29,"search",890.22,43809,432,0,0,0,0
2024-05-29,"social",811.8,44275,339,0,0,0,0
2024-05-29,"display",682.84,30777,347,0,0,0,0
2024-05-29,"video",1059.25,43620,648,1,1368.05,1,0
2024-05-29,"email",425.99,24163,227,0,0,0,0
2024-05-30,"search",1743.12,55914,534,4,6282.42,0,0
2024-05-30,"social",302.8,9756,131,0,0,0,0
2024-05-30,"display",1197.66,61936,963,3,4477.89,0,0
2024-05-30,"video",840.07,49231,494,2,2668.16,0,0
2024-05-30,"email",238.8,8570,73,0,0,0,0
2024-05-31,"search",768.34,33102,532,2,1791.36,0,0
2024-05-31,"social",1148.99,41477,442,0,0,0,0
2024-05-31,"display",684.14,39523,912,1,865.67,0,0
2024-05-31,"video",1400.63,65519,607,3,2513.83,1,0
2024-05-31,"email",380.7,15705,192,0,0,1,0
2024-06-01,"search",1415.21,49440,878,2,2542.32,1,1
2024-06-01,"social",1960.94,115914,216,11,18384.97,0,1
2024-06-01,"display",265.74,11034,64,1,1536.02,0,1
2024-06-01,"video",818.48,36478,356,2,3954.07,0,1
2024-06-01,"email",349.92,12811,234,0,0,0,1
2024-06-02,"search",1430.18,57271,1082,3,3860.41,0,1
2024-06-02,"social",1300.15,64458,469,4,5543.02,1,1
2024-06-02,"display",537.2,28252,90,2,1845.27,0,1
2024-06-02,"video",1116.1,40136,282,1,1590.39,0,1
2024-06-02,"email",112.4,4336,97,0,0,0,1
2024-06-03,"search",869.44,31284,402,1,1283.55,0,0
2024-06-03,"social",762.77,35846,370,0,0,0,0
2024-06-03,"display",640.48,22443,401,0,0,0,0
2024-06-03,"video",823.59,48023,417,2,3729.67,0,0
2024-06-03,"email",387.42,17485,364,0,0,0,0
2024-06-04,"search",656.33,20617,121,1,1249.05,0,0
2024-06-04,"social",1043.2,59081,56,5,6689.41,1,0
2024-06-04,"display",961.95,34537,300,0,0,1,0
2024-06-04,"video",1189.89,42373,169,1,810.46,0,0
2024-06-04,"email",372.68,17510,177,0,0,1,0
2024-06-05,"search",2275,108267,1785,14,24962.44,0,0
2024-06-05,"social",714.8,42244,230,1,1405.7,0,0
2024-06-05,"display",588.14,22159,186,0,0,0,0
2024-06-05,"video",746.33,40286,787,1,1998.84,0,0
2024-06-05,"email",245.39,8379,171,1,1675.87,0,0
2024-06-06,"search",1597.91,59678,283,3,5804.95,0,0
2024-06-06,"social",466.98,26091,162,1,1514.87,0,0
2024-06-06,"display",598.65,29056,433,2,3307.02,0,0
2024-06-06,"video",563.89,21731,514,0,0,0,0
2024-06-06,"email",241.04,11956,45,0,0,0,0
2024-06-07,"search",2472.58,144458,331,83,125717.44,1,0
2024-06-07,"social",1218.65,53342,338,1,928.4,0,0
2024-06-07,"display",1136.99,42502,573,2,3757.56,0,0
2024-06-07,"video",629.9,28946,593,0,0,0,0
2024-06-07,"email",303.91,15904,188,1,1487.49,0,0
2024-06-08,"search",645.12,22334,164,0,0,0,1
2024-06-08,"social",684.95,38357,579,0,0,0,1
2024-06-08,"display",1215.11,59954,277,2,3121.78,0,1
2024-06-08,"video",592.57,35267,37,0,0,0,1
2024-06-08,"email",188.15,6549,142,0,0,0,1
2024-06-09,"search",1586.36,57251,520,5,6255.23,1,1
2024-06-09,"social",1712.26,94508,1646,13,18830.86,1,1
2024-06-09,"display",319.18,14655,186,1,867.76,0,1
2024-06-09,"video",632.42,21178,528,1,856.05,0,1
2024-06-09,"email",361.74,19809,228,0,0,0,1
2024-06-10,"search",2646.75,146481,2210,80,84815.07,0,0
2024-06-10,"social",625.39,24539,182,0,0,0,0
2024-06-10,"display",1101.8,62909,386,4,7827.27,0,0
2024-06-10,"video",588.7,30448,313,0,0,0,0
2024-06-10,"email",198.62,11222,101,0,0,0,0
2024-06-11,"search",762.3,30493,474,0,0,0,0
2024-06-11,"social",951.97,57011,2381,1,1249.7,1,0
2024-06-11,"display",594.64,20132,386,0,0,0,0
2024-06-11,"video",615.18,18969,403,0,0,0,0
2024-06-11,"email",456.99,13883,109,0,0,0,0
2024-06-12,"search",1294.52,47417,729,1,1275.88,0,0
2024-06-12,"social",996.89,50740,313,1,876.98,1,0
2024-06-12,"display",471.49,14602,130,0,0,0,0
2024-06-12,"video",416.83,17084,104,0,0,0,0
2024-06-12,"email",137.01,6221,71,0,0,0,0
2024-06-13,"search",1306.94,76734,1427,7,11252.31,0,0
2024-06-13,"social",808.15,26773,344,1,1594.07,0,0
2024-06-13,"display",1035.81,35180,205,2,1837.34,0,0
2024-06-13,"video",786.44,38184,216,3,4231.3,0,0
2024-06-13,"email",412.68,16251,68,0,0,0,0
2024-06-14,"search",1585.79,70847,1420,4,4931.03,1,0
2024-06-14,"social",576.68,30972,522,0,0,0,0
2024-06-14,"display",673.7,20520,78,0,0,0,0
2024-06-14,"video",801.91,33609,91,0,0,0,0
2024-06-14,"email",216.33,10863,133,0,0,0,0
2024-06-15,"search",1186.28,60046,544,2,3727.06,0,1
2024-06-15,"social",1780.99,101736,492,9,14036.34,0,1
2024-06-15,"display",381.92,21906,727,0,0,0,1
2024-06-15,"video",1261.37,47853,623,1,1430.4,0,1
2024-06-15,"email",273.95,16316,235,0,0,0,1
2024-06-16,"search",2171.13,69547,1624,4,5241.68,0,1
2024-06-16,"social",571,26046,509,0,0,0,1
2024-06-16,"display",584.32,33030,328,1,879.8,0,1
2024-06-16,"video",1030.64,37134,188,0,0,1,1
2024-06-16,"email",286.79,13673,521,0,0,0,1
2024-06-17,"search",1561.77,53368,165,2,2792.68,0,0
2024-06-17,"social",748.35,43393,1937,0,0,0,0
2024-06-17,"display",973.09,37727,346,0,0,0,0
2024-06-17,"video",749.38,28517,330,0,0,0,0
2024-06-17,"email",395.74,15848,119,0,0,0,0
2024-06-18,"search",746.85,27246,403,1,909.37,0,0
2024-06-18,"social",614.77,20526,206,0,0,0,0
2024-06-18,"display",927.72,51965,940,0,0,0,0
2024-06-18,"video",857.99,44401,678,0,0,0,0
2024-06-18,"email",284.13,16501,167,0,0,0,0
2024-06-19,"search",1148.9,66272,362,1,907.7,0,0
2024-06-19,"social",1082.01,36023,126,0,0,0,0
2024-06-19,"display",548.62,21870,128,0,0,0,0
2024-06-19,"video",721.31,37511,79,1,991.14,0,0
2024-06-19,"email",155.31,5354,100,0,0,0,0
2024-06-20,"search",2439.82,124715,2809,35,43091,0,0
2024-06-20,"social",1086.81,35909,92,1,1076.28,0,0
2024-06-20,"display",1088.12,52781,414,2,3579.38,1,0
2024-06-20,"video",326.65,17437,121,0,0,0,0
2024-06-20,"email",386.76,18318,80,0,0,1,0
2024-06-21,"search",1324.6,60107,211,0,0,1,0
2024-06-21,"social",461.3,17820,506,0,0,0,0
2024-06-21,"display",802.64,24763,803,2,3566.27,0,0
2024-06-21,"video",1146.8,45079,723,2,2823.02,0,0
2024-06-21,"email",240.45,10465,101,0,0,0,0
2024-06-22,"search",1423.35,46427,1117,3,4551.24,1,1
2024-06-22,"social",1586.36,71392,842,2,1940.48,0,1
2024-06-22,"display",310.13,18600,498,0,0,0,1
2024-06-22,"video",942.72,33921,189,1,1878.19,0,1
2024-06-22,"email",264.59,15110,283,0,0,0,1
2024-06-23,"search",1145.91,38192,1159,2,3449.49,0,1
2024-06-23,"social",814.51,39243,789,1,1432.73,1,1
2024-06-23,"display",930.39,36991,289,2,2640.17,0,1
2024-06-23,"video",445.95,24901,320,0,0,0,1
2024-06-23,"email",440.9,16418,152,0,0,0,1
2024-06-24,"search",2106.25,82152,1584,7,10340.71,0,0
2024-06-24,"social",414.86,15558,158,0,0,0,0
2024-06-24,"display",382.29,19653,222,0,0,0,0
2024-06-24,"video",1152.93,34956,268,1,1436.77,1,0
2024-06-24,"email",204.64,8756,269,3,2978.58,0,0
2024-06-25,"search",1183.02,51129,922,2,2351.12,1,0
2024-06-25,"social",669.46,33121,198,1,1314.83,0,0
2024-06-25,"display",522.77,28678,490,0,0,0,0
2024-06-25,"video",927.56,44028,366,2,3236.35,0,0
2024-06-25,"email",306.42,17247,270,1,1342.78,1,0
2024-06-26,"search",1243.66,47909,271,1,1795.97,0,0
2024-06-26,"social",1074.5,63857,1021,2,3757.97,0,0
2024-06-26,"display",324.01,17420,45,0,0,0,0
2024-06-26,"video",531.25,25573,101,0,0,0,0
2024-06-26,"email",423.14,22999,56,1,1902.57,0,0
2024-06-27,"search",1032.22,35500,742,2,3389.52,0,0
2024-06-27,"social",290.2,10956,22,0,0,0,0
2024-06-27,"display",425.73,21614,89,3,3437.6,0,0
2024-06-27,"video",970.19,38102,1271,0,0,0,0
2024-06-27,"email",252.94,14147,226,0,0,0,0
2024-06-28,"search",1326.88,66920,1061,2,2633.02,1,0
2024-06-28,"social",754.69,44611,714,2,2752,0,0
2024-06-28,"display",800.08,26978,7,1,1949.45,0,0
2024-06-28,"video",575.16,30910,461,1,1901.33,0,0
2024-06-28,"email",362.91,16976,71,0,0,0,0
2024-06-29,"search",1509.21,87018,555,8,7140.17,0,1
2024-06-29,"social",532.23,20488,67,0,0,0,1
2024-06-29,"display",585.33,29320,557,0,0,0,1
2024-06-29,"video",564.4,20140,406,0,0,0,1
2024-06-29,"email",354.45,11704,116,0,0,0,1
2024-06-30,"search",853.32,31156,243,1,887.45,1,1
2024-06-30,"social",1480.71,53062,228,4,5929.07,0,1
2024-06-30,"display",1027.97,32708,153,0,0,0,1
2024-06-30,"video",499.67,29537,17,4,5968.12,0,1
2024-06-30,"email",229.48,8630,13,0,0,0,1
